[{
    "_id": {
      "$oid": "66d6bd94306d1da1be24c8bc"
    },
    "id": "10",
    "stateName": "Madhya-Pradesh",
    "cities": [
      {
        "id": "101",
        "cityName": "Indore",
        "placeNames": [
          "Rajwada Palace",
          "Lal Baag Palace",
          "Kanch Mandir",
          "Indore Museum",
          "Sarafa Bazar"
        ]

      },
      {
        "id": "102",
        "cityName": "Bhopal",
        "placeNames": [
        "Taj-ul-Masajid",
        "Bhopal Lake",
        "Lower Lake",
        "State Museum",
        "Moti Masjid"
      ]
      },
      {
        "id": "103",
        "cityName": "Gwalior",
        "placeNames": [
          "Gwalior Fort",
          "Saas-Bahu Ka Mandir",
          "Jai Vilas Palace",
          "Gurudwara Data Bandi Chhod",
          "Gwalior Zoo"
        ]

      },
      {
        "id": "104",
        "cityName": "Jabalpur",
        "placeNames":[
          "Bhedaghat Waterfalls",
          "Rani Durgavati Mahal",
          "Chausath Yogini Temple",
          "Dhuandhar Waterfall",
          "Marble Rocks"
        ]
      },
      {
        "id": "105",
        "cityName": "Ujjain",
        "placeNames": [
          "Mahakaleshwar Temple",
          "Kal Bhairav Temple",
          "Ujjain Simhastha",
          "Bhartrihari Caves",
          "Kaliadeh Palace"
        ]
      },
      {
        "id": "106",
        "cityName": "Sagar",
        "placeNames": [
          "Sagar Lake",
          "Gidhi Mandi",
          "Shivpuri",
          "Bargi Dam",
          "Chandawata Dam"
        ]
      },
      {
        "id": "107",
        "cityName": "Ratlam",
        "placeNames": [
          "Ratlam Palace",
          "Khedapati Mandir",
          "Mata Mandir",
          "Sardar Vallabhbhai Patel Park",
          "Gandhi Garden"
        ]
      },
      {
        "id": "108",
        "cityName": "Satna",
        "placeNames": [
          "Chitrakoot",
          "Shahdol Fort",
          "Madhavgarh Palace",
          "Chachai Waterfall",
          "Ghorahi Temple"
        ]
      },
      {
        "id": "109",
        "cityName": "Dewas",
        "placeNames": [
          "Dewas Fort",
          "Madhavgarh Fort",
          "Shree Khachrod",
          "Maa Kolar Mandir",
          "Dewas Jain Temple"
        ]
      },
      {
        "id": "110",
        "cityName": "Chhindwara",
        "placeNames": [
          "Chhindwara Fort",
          "Jogi Baba Mandir",
          "Amarkantak",
          "Mada Mahal",
          "Pachmarhi"
        ]
      }
    ]
  },
  {
    "_id": {
      "$oid": "66d6bd94306d1da1be24c8bd"
    },
    "id": "2",
    "stateName": "Arunachal Pradesh",
    "cities": [
      {
        "id": "201",
        "cityName": "Itanagar",
        "placeNames": [
          "Itanagar Fort",
          "Ganga Lake",
          "Buddha Vihar",
          "Ita Fort",
          "State Museum"
        ]
      },
      {
        "id": "202",
        "cityName": "Naharlagun",
        "placeNames": [
          "Nirjuli Monastery",
          "Ganga Lake",
          "Siva Mandir",
          "Naharlagun Railway Station"
        ]
      },
      {
        "id": "203",
        "cityName": "Pasighat",
        "placeNames": [
          "Pasighat War Memorial",
          "Daying Ering Wildlife Sanctuary",
          "Siang River",
          "Geku",
          "Raneghat"
        ]
      },
      {
        "id": "204",
        "cityName": "Tawang",
        "placeNames": [
          "Tawang Monastery",
          "Sela Pass",
          "Madhuri Lake",
          "Tawang War Memorial",
          "Bumla Pass"
        ]
      },
      {
        "id": "205",
        "cityName": "Ziro",
        "placeNames": [
          "Ziro Valley",
          "Talley Valley Wildlife Sanctuary",
          "Dolo Mando",
          "Kile Pakho",
          "Miri Piri",
          "Hong Village"
        ]
      },
      {
        "id": "206",
        "cityName": "Bomdila",
        "placeNames": [
          "Bomdila Monastery",
          "Dirang Valley",
          "Sessa Orchid Sanctuary",
          "Bhalukpong",
          "Nuranang Waterfall"
        ]
      },
      {
        "id": "207",
        "cityName": "Along",
        "placeNames": [
          "Adi Village",
          "Shimilap Pass",
          "Kaying",
          "Bashar Village",
          "Donyi-Polo"
        ]
      },
      {
        "id": "208",
        "cityName": "Roing",
        "placeNames": [
          "Nimapa Village",
          "Mouling National Park",
          "Rukmini Nati",
          "Roing Lake",
          "Mehao Wildlife Sanctuary"
        ]
      },
      {
        "id": "209",
        "cityName": "Tezu",
        "placeNames": [
          "Tezu District Museum",
          "Wildlife Sanctuary",
          "Parshuram Kund",
          "Lohit River",
          "Tezu Monastery"
        ]
      },
      {
        "id": "210",
        "cityName": "Daporijo",
        "placeNames": [
          "Daporijo Fort",
          "Yami Village",
          "Rukmini Mandir",
          "Siyum River",
          "Kardo Hills"
        ]
      }
    ]
  },
  {
    "_id": {
      "$oid": "66d6bd94306d1da1be24c8be"
    },
    "id": "3",
    "stateName": "Assam",
    "cities": [
      {
        "id": "301",
        "cityName": "Guwahati",
        "placeNames": [
          "Kamakhya Temple",
          "Umananda Temple",
          "Brahmaputra River",
          "Guwahati Zoo",
          "Assam State Museum",
          "Pobitora Wildlife Sanctuary"
        ]
      },
      {
        "id": "302",
        "cityName": "Silchar",
        "placeNames": [
          "Kachari Ruins",
          "Maibong Hill",
          "Silchar Lake",
          "Dolu Lake",
          "Sadarghat",
          "Gumrah"
        ]
      },
      {
        "id": "303",
        "cityName": "Dibrugarh",
        "placeNames": [
          "Dibrugarh University",
          "Jeypore Rainforest",
          "Tea Gardens",
          "Dehing Patkai Wildlife Sanctuary",
          "Lal Bagh"
        ]
      },
      {
        "id": "304",
        "cityName": "Jorhat",
        "placeNames": [
          "Majuli Island",
          "Sibsagar",
          "Tocklai Tea Research Centre",
          "Rang Ghar",
          "Jorhat Gymkhana Club"
        ]
      },
      {
        "id": "305",
        "cityName": "Nagaon",
        "placeNames": [
          "Kaziranga National Park",
          "Mukti-Than Temple",
          "Bora-Namghar",
          "Brahmaputra River",
          "Pabitora Wildlife Sanctuary"
        ]
      },
      {
        "id": "306",
        "cityName": "Tinsukia",
        "placeNames": [
          "Dibru-Saikhowa National Park",
          "Hoollongapar Gibbon Sanctuary",
          "Gandhi Mandir",
          "Rang Ghar",
          "Maguri Beel"
        ]
      },
      {
        "id": "307",
        "cityName": "Tezpur",
        "placeNames": [
          "Agni Mandir",
          "Chitralekha Udyan",
          "Tezpur University",
          "Nameri National Park",
          "Kali Bhomora Bridge"
        ]
      },
      {
        "id": "308",
        "cityName": "Bongaigaon",
        "placeNames": [
          "Bongaigaon Thermal Power Plant",
          "Kochari Bagan",
          "Bhabani Mandir",
          "Golakganj",
          "Kali Mandir"
        ]
      },
      {
        "id": "309",
        "cityName": "Dhubri",
        "placeNames": [
          "Brahmaputra River",
          "Dhubri Town",
          "Dhubri Mosque",
          "Rohmoria",
          "Mahamaya Temple"
        ]
      },
      {
        "id": "310",
        "cityName": "Barpeta",
        "placeNames": [
          "Barpeta Satra",
          "Manas National Park",
          "Bamuni Hills",
          "Sri Sri Madhavdev Mandir",
          "Sarthebari"
        ]
      }
    ]
  
  },
  {
    "_id": {
      "$oid": "66d6bd94306d1da1be24c8bf"
    },
    "id": "4",
    "stateName": "Bihar",
    "cities": [
      {
        "id": "401",
        "cityName": "Patna"
      },
      {
        "id": "402",
        "cityName": "Gaya"
      },
      {
        "id": "403",
        "cityName": "Bhagalpur"
      },
      {
        "id": "404",
        "cityName": "Muzaffarpur"
      },
      {
        "id": "405",
        "cityName": "Purnia"
      },
      {
        "id": "406",
        "cityName": "Darbhanga"
      },
      {
        "id": "407",
        "cityName": "Bihar Sharif"
      },
      {
        "id": "408",
        "cityName": "Arrah"
      },
      {
        "id": "409",
        "cityName": "Begusarai"
      },
      {
        "id": "410",
        "cityName": "Katihar"
      }
    ]
  },
  {
    "_id": {
      "$oid": "66d6bd94306d1da1be24c8c0"
    },
    "id": "5",
    "stateName": "Chhattisgarh",
      "cities": [
        {
          "id": "501",
          "cityName": "Raipur",
          "placeNames": [
            "Mahamaya Temple",
            "Nandan Van Zoo",
            "Rajiv Smriti Van",
            "Surya Dev Temple",
            "Chhattisgarh Science Centre",
            "Urja Park"
          ]
        },
        {
          "id": "502",
          "cityName": "Bhilai",
          "placeNames": [
            "Durg Bhilai Steel Plant",
            "Dhamdha Fort",
            "Deokhuri Waterfall",
            "Pashan Dhwaj",
            "Khursia",
            "Maitri Bagh"
          ]
        },
        {
          "id": "503",
          "cityName": "Korba",
          "placeNames": [
            "Koriya Thermal Power Plant",
            "Ramdaha Waterfall",
            "Maitri Bagh",
            "Hasdeo River",
            "Shiv Mandir",
            "Kankali Mandir"
          ]
        },
        {
          "id": "504",
          "cityName": "Bilaspur",
          "placeNames": [
            "Ratanpur Fort",
            "Kailash Gufa",
            "Balaji Temple",
            "Achanakmar Wildlife Sanctuary",
            "Korsika Temple",
            "Sakti"
          ]
        },
        {
          "id": "505",
          "cityName": "Durg",
          "placeNames": [
            "Bhoramdeo Temple",
            "Shivrinarayan Temple",
            "Durg Fort",
            "Chhattisgarh Haat",
            "Kabeer Jayanti Mela",
            "Rajeev Smriti Van"
          ]
        },
        {
          "id": "506",
          "cityName": "Rajnandgaon",
          "placeNames": [
            "Rajnandgaon Palace",
            "Kuleshwar Mahadev Temple",
            "Bhoramdeo Temple",
            "Dongargarh Temple",
            "Taat Baba Ashram"
          ]
        },
        {
          "id": "507",
          "cityName": "Raigarh",
          "placeNames": [
            "Raja Bahadur Singh Palace",
            "Ram Jharna",
            "Vishranti Temple",
            "Sarangarh Fort",
            "Bailey Fort"
          ]
        },
        {
          "id": "508",
          "cityName": "Jagdalpur",
          "placeNames": [
            "Chitrakote Waterfall",
            "Kanger Valley National Park",
            "Bastar Palace",
            "Tirathgarh Waterfalls",
            "Kailash Gufa",
            "Lohandiguda"
          ]
        },
        {
          "id": "509",
          "cityName": "Ambikapur",
          "placeNames": [
            "Sita Mandir",
            "Baba Bhairav Mandir",
            "Surguja",
            "Ambikapur Wildlife Sanctuary",
            "Kailash Gufa",
            "Mainpat"
          ]
        },
        {
          "id": "510",
          "cityName": "Dhamtari",
          "placeNames": [
            "Gangrel Dam",
            "Banjari Mata Mandir",
            "Chhattisgarh Haat",
            "Shiv Mandir",
            "Kailash Gufa",
            "Dhamtari Lake"
          ]
        }
      ]
    
    
  },
  {
    "_id": {
      "$oid": "66d6bd94306d1da1be24c8c1"
    },
    "id": "6",
    "stateName": "Goa",
    "cities": [
      {
        "id": "601",
        "cityName": "Panaji",
        "placeNames": [
          "Basilica of Bom Jesus",
          "Se Cathedral",
          "Miramar Beach",
          "Dona Paula",
          "Fontainhas",
          "Goa State Museum"
        ]
      },
      {
        "id": "602",
        "cityName": "Margao",
        "placeNames": [
          "Colva Beach",
          "Ancestral Goa",
          "Holy Spirit Church",
          "Margao Market",
          "Benaulim Beach",
          "Fatorda Stadium"
        ]
      },
      {
        "id": "603",
        "cityName": "Vasco da Gama",
        "placeNames": [
          "Baina Beach",
          "Bogmalo Beach",
          "Mormugao Port",
          "Vasco Clock Tower",
          "Dabolim Beach",
          "Naval Aviation Museum"
        ]
      },
      {
        "id": "604",
        "cityName": "Mapusa",
        "placeNames": [
          "Mapusa Market",
          "Anjuna Beach",
          "Chapora Fort",
          "Vagator Beach",
          "Aguada Fort",
          "Calangute Beach"
        ]
      },
      {
        "id": "605",
        "cityName": "Ponda",
        "placeNames": [
          "Shanta Durga Temple",
          "Mangeshi Temple",
          "Tambdi Surla Waterfalls",
          "Nagueshi Temple",
          "Goa Science Centre",
          "Safa Masjid"
        ]
      },
      {
        "id": "606",
        "cityName": "Bicholim",
        "placeNames": [
          "Arvalem Waterfalls",
          "Mahalaxmi Temple",
          "Bicholim Lake",
          "Mayem Lake",
          "Bhagwan Mahavir Wildlife Sanctuary"
        ]
      },
      {
        "id": "607",
        "cityName": "Sanquelim",
        "placeNames": [
          "Saptakoteshwar Temple",
          "Sanquelim Fort",
          "Rama Temple",
          "Mayem Lake"
        ]
      },
      {
        "id": "608",
        "cityName": "Curchorem",
        "placeNames": [
          "Curchorem Waterfall",
          "Saptakoteshwar Temple",
          "Bhagwan Mahavir Sanctuary",
          "Rivona Caves"
        ]
      },
      {
        "id": "609",
        "cityName": "Valpoi",
        "placeNames": [
          "Bhagwan Mahavir Sanctuary",
          "Sahakari Spice Plantation",
          "Tambdi Surla Waterfalls",
          "Mollem National Park"
        ]
      },
      {
        "id": "610",
        "cityName": "Sanguem",
        "placeNames": [
          "Rivona Caves",
          "Shri Bhagwati Temple",
          "Netravali Wildlife Sanctuary",
          "Cotigao Wildlife Sanctuary"
        ]
      }
    ]
  },
  {
    "_id": {
      "$oid": "66d6bd94306d1da1be24c8c2"
    },
    "id": "7",
    "stateName": "Gujarat",
    "cities": [
        {
          "id": "701",
          "cityName": "Ahmedabad",
          "placeNames": [
            "Sabarmati Ashram",
            "Kankaria Lake",
            "Sidi Saiyyed Mosque",
            "Jama Masjid",
            "Adalaj Stepwell",
            "Law Garden"
          ]
        },
        {
          "id": "702",
          "cityName": "Surat",
          "placeNames": [
            "Surat Castle",
            "Dumas Beach",
            "Gopi Talav",
            "Sarthana Nature Park",
            "Surat Textile Market",
            "ISKCON Surat"
          ]
        },
        {
          "id": "703",
          "cityName": "Vadodara",
          "placeNames": [
            "Laxmi Vilas Palace",
            "Sayaji Garden",
            "Baroda Museum & Picture Gallery",
            "Kirti Mandir",
            "Champaner-Pavagadh Archaeological Park",
            "Ajwa Water Park"
          ]
        },
        {
          "id": "704",
          "cityName": "Rajkot",
          "placeNames": [
            "Race Course Road",
            "Wankaner Palace",
            "Shivrajpur Beach",
            "Kaba Gandhi No Delo",
            "Rajkumar College",
            "Mandvi Gate"
          ]
        },
        {
          "id": "705",
          "cityName": "Bhavnagar",
          "placeNames": [
            "Bhavnagar Beach",
            "Takhteshwar Temple",
            "Nilambag Palace",
            "Khodiyar Mandir",
            "Gandhi Smriti Memorial",
            "Velavadar Blackbuck National Park"
          ]
        },
        {
          "id": "706",
          "cityName": "Jamnagar",
          "placeNames": [
            "Lakhota Lake",
            "Jamnagar Wildlife Sanctuary",
            "Bala Hanuman Temple",
            "Mota Ashapura Temple",
            "Ranjit Sagar Dam",
            "Marine National Park"
          ]
        },
        {
          "id": "707",
          "cityName": "Junagadh",
          "placeNames": [
            "Girnar Hills",
            "Junagadh Fort",
            "Mahabat Maqbara",
            "Sardar Vallabhbhai Patel Planetarium",
            "Wankaner Palace",
            "Uperkot Fort"
          ]
        },
        {
          "id": "708",
          "cityName": "Gandhinagar",
          "placeNames": [
            "Akshardham Temple",
            "Indroda Nature Park",
            "Sarita Udhyan",
            "Sarkhej Roza",
            "Gandhinagar Railway Station",
            "Dholka"
          ]
        },
        {
          "id": "709",
          "cityName": "Anand",
          "placeNames": [
            "Sardar Vallabhbhai Patel Park",
            "Kheda",
            "Anand Baug",
            "Ranchhodrai Dakor Temple",
            "Anand Agricultural University"
          ]
        },
        {
          "id": "710",
          "cityName": "Navsari",
          "placeNames": [
            "Dandi Beach",
            "Narmada Canal",
            "Sardar Patel Museum",
            "Bastion Fort",
            "Swaminarayan Mandir",
            "Tithal Beach"
          ]
        }
      ]
    
    
  },
  {
    "_id": {
      "$oid": "66d6bd94306d1da1be24c8c3"
    },
    "id": "8",
    "stateName": "Haryana",
    "cities": [
        {
          "id": "801",
          "cityName": "Gurugram",
          "placeNames": [
            "Kingdom of Dreams",
            "Cyber Hub",
            "Sultanpur Bird Sanctuary",
            "Sheetala Mata Mandir",
            "Damdama Lake",
            "Qutub Khan's Tomb"
          ]
        },
        {
          "id": "802",
          "cityName": "Faridabad",
          "placeNames": [
            "Surajkund",
            "ISKCON Faridabad",
            "Town Park",
            "Baba Farid's Tomb",
            "Raja Nahar Singh Palace",
            "Sri Shirdi Sai Baba Temple"
          ]
        },
        {
          "id": "803",
          "cityName": "Panipat",
          "placeNames": [
            "Panipat Museum",
            "Tomb of Ibrahim Lodi",
            "Kabuli Bagh Mosque",
            "Bhisma Kund",
            "Panipat Battle Grounds",
            "Panja Sahib Gurdwara"
          ]
        },
        {
          "id": "804",
          "cityName": "Ambala",
          "placeNames": [
            "Ambala Cantt",
            "Raja Nahar Singh Palace",
            "Badshahi Bagh Gurudwara",
            "Ambala City Mall",
            "Baba Dal Singh Ji Gurdwara",
            "Shahzadi ka Bagh"
          ]
        },
        {
          "id": "805",
          "cityName": "Yamunanagar",
          "placeNames": [
            "Yamuna Nagar District",
            "Shiv Durga Mandir",
            "Maharishi Valmiki Ashram",
            "Rishipur Lake",
            "Mata Mansa Devi Mandir",
            "Jagadhri Workshop"
          ]
        },
        {
          "id": "806",
          "cityName": "Rohtak",
          "placeNames": [
            "Tilyar Lake",
            "Rakhi Shahpur",
            "Baba Mastnath Ashram",
            "Rohtak Zoo",
            "Sheetala Mata Mandir",
            "Sultanpur National Park"
          ]
        },
        {
          "id": "807",
          "cityName": "Hisar",
          "placeNames": [
            "Raja Nahar Singh Palace",
            "Firoz Shah Palace Complex",
            "Hisar Fort",
            "Jindal Park",
            "Sarsa Dam",
            "Fauji Park"
          ]
        },
        {
          "id": "808",
          "cityName": "Karnal",
          "placeNames": [
            "Karnal Lake",
            "Tomb of Babur",
            "Kalpana Chawla Planetarium",
            "Sannihit Sarovar",
            "Karnal Fort",
            "Maharishi Dayanand Park"
          ]
        },
        {
          "id": "809",
          "cityName": "Sonipat",
          "placeNames": [
            "Rai Temple",
            "Baba Dham",
            "Shiv Mandir",
            "Suraj Kund",
            "ISKCON Sonipat",
            "Mata Sheetala Devi Mandir"
          ]
        },
        {
          "id": "810",
          "cityName": "Panchkula",
          "placeNames": [
            "Sukhna Lake",
            "Mansa Devi Temple",
            "Bhima Devi Temple",
            "Cactus Garden",
            "Pinjore Garden",
            "Sarai Rattan"
          ]
        }
      ]
  
    
  },
  {
    "_id": {
      "$oid": "66d6bd94306d1da1be24c8c4"
    },
    "id": "9",
    "stateName": "Himachal Pradesh",
    "cities": [
        {
          "id": "901",
          "cityName": "Shimla",
          "placeNames": [
            "The Ridge",
            "Mall Road",
            "Jakhoo Temple",
            "Christ Church",
            "Kali Bari Temple",
            "Summer Hill"
          ]
        },
        {
          "id": "902",
          "cityName": "Dharamshala",
          "placeNames": [
            "Dalai Lama Temple",
            "Bhagsunag Waterfall",
            "Triund Hill",
            "Norbulingka Institute",
            "Kangra Fort",
            "McLeod Ganj"
          ]
        },
        {
          "id": "903",
          "cityName": "Solan",
          "placeNames": [
            "Mohan Shakti National Heritage Park",
            "Shoolini Temple",
            "Kuthar Fort",
            "Solan Brewery",
            "Barog",
            "Arki Fort"
          ]
        },
        {
          "id": "904",
          "cityName": "Mandi",
          "placeNames": [
            "Rewalsar Lake",
            "Prashar Lake",
            "Bhuri Singh Museum",
            "Mahunag Temple",
            "Sundernagar Lake",
            "Pandoh Dam"
          ]
        },
        {
          "id": "905",
          "cityName": "Palampur",
          "placeNames": [
            "Baijnath Temple",
            "Palampur Tea Gardens",
            "Saurabh Van Vihar",
            "Neugal Khad",
            "Bir Billing",
            "Tashi Jong Monastery"
          ]
        },
        {
          "id": "906",
          "cityName": "Baddi",
          "placeNames": [
            "Mata Mandir",
            "Baddi Barotiwala Nalagarh",
            "Shiva Temple",
            "Sukhna Lake",
            "Rani Tal",
            "Baba Balak Nath Temple"
          ]
        },
        {
          "id": "907",
          "cityName": "Hamirpur",
          "placeNames": [
            "Nadaun",
            "Suin River",
            "Baba Balak Nath Temple",
            "Deotsidh Temple",
            "Sujanpur Tira Fort",
            "Bhuri Singh Museum"
          ]
        },
        {
          "id": "908",
          "cityName": "Una",
          "placeNames": [
            "Bhakra Nangal Dam",
            "Dera Baba Bhuman Shah",
            "Una Fort",
            "Kangra Fort",
            "Maa Sheetla Mandir",
            "Hari Singh Palace"
          ]
        },
        {
          "id": "909",
          "cityName": "Kullu",
          "placeNames": [
            "Great Himalayan National Park",
            "Manali",
            "Raghunath Temple",
            "Bijli Mahadev Temple",
            "Kasol",
            "Solang Valley"
          ]
        },
        {
          "id": "910",
          "cityName": "Chamba",
          "placeNames": [
            "Chamba Chaugan",
            "Brij Raj Bhawan Palace",
            "Laxmi Narayan Temple",
            "Sui Mata Temple",
            "Chamera Dam",
            "Kailash Village"
          ]
        }
      ]
    
    
  },
  {
    "_id": {
      "$oid": "66d6bd94306d1da1be24c8c5"
    },
    "id": "10111",
    "stateName": "Andhra Pradesh",
      "cities": [
        {
          "id": "1001",
          "cityName": "Visakhapatnam",
          "placeNames": [
            "Kailasagiri",
            "Ramakrishna Beach",
            "Submarine Museum",
            "Borra Caves",
            "Araku Valley",
            "Simhachalam Temple"
          ]
        },
        {
          "id": "1002",
          "cityName": "Vijayawada",
          "placeNames": [
            "Kanaka Durga Temple",
            "Prakasam Barrage",
            "Undavalli Caves",
            "Bhavani Island",
            "Mogalarajapuram Caves",
            "Rajiv Gandhi Park"
          ]
        },
        {
          "id": "1003",
          "cityName": "Guntur",
          "placeNames": [
            "Amaravati",
            "Brahmananda Reddy Gardens",
            "Panchakmukhi Anjaneya Temple",
            "Mangalagiri Temple",
            "Guntur City Museum",
            "Kondaveedu Fort"
          ]
        },
        {
          "id": "1004",
          "cityName": "Nellore",
          "placeNames": [
            "Penna River",
            "Nellapattu Bird Sanctuary",
            "Ranganatha Swamy Temple",
            "Jonnawada",
            "Peddaganjam Village",
            "Somasila Dam"
          ]
        },
        {
          "id": "1005",
          "cityName": "Kurnool",
          "placeNames": [
            "Belum Caves",
            "Yaganti Temple",
            "Srisailam",
            "Mahanandi Temple",
            "Kurnool Fort",
            "Panchamukhi Anjaneya Temple"
          ]
        },
        {
          "id": "1006",
          "cityName": "Rajahmundry",
          "placeNames": [
            "Godavari River",
            "Rajahmundry Bridge",
            "Kadiyapulanka",
            "Papi Hills",
            "Dowleswaram Barrage",
            "Iskon Temple"
          ]
        },
        {
          "id": "1007",
          "cityName": "Tirupati",
          "placeNames": [
            "Sri Venkateswara Temple",
            "Sri Kapileswara Swamy Temple",
            "Tirumala Hills",
            "Chandragiri Fort",
            "Sri Padmavathi Ammavari Temple",
            "Tirupati Zoo"
          ]
        },
        {
          "id": "1008",
          "cityName": "Kadapa",
          "placeNames": [
            "Brahmamgari Matam",
            "Sri Lankeswar Swamy Temple",
            "Gandi Reddy Temple",
            "Jammalamadugu",
            "Ameen Peer Dargah",
            "Yerrakallu"
          ]
        },
        {
          "id": "1009",
          "cityName": "Anantapur",
          "placeNames": [
            "Lepakshi",
            "Puttaparthi",
            "Anantapur Fort",
            "Chennekothapalli",
            "Bhaskar Babu Institute of Technology",
            "Sri Sathya Sai Baba Ashram"
          ]
        },
        {
          "id": "1010",
          "cityName": "Eluru",
          "placeNames": [
            "Kolleru Lake",
            "Panchmukhi Hanuman Temple",
            "Eluru Fort",
            "Dwaraka Tirumala",
            "Sri Venkateswara Temple",
            "Swaraj Maidan"
          ]
        }
      ]
    
    
  },
  {
    "_id": {
      "$oid": "66d6bd94306d1da1be24c8c6"
    },
    "id": "11",
    "stateName": "Maharashtra",
    "cities": [
        {
          "id": "1101",
          "cityName": "Mumbai",
          "placeNames": [
            "Gateway of India",
            "Marine Drive",
            "Chhatrapati Shivaji Maharaj Terminus",
            "Elephanta Caves",
            "Juhu Beach",
            "Sanjay Gandhi National Park"
          ]
        },
        {
          "id": "1102",
          "cityName": "Pune",
          "placeNames": [
            "Shaniwar Wada",
            "Aga Khan Palace",
            "Sinhagad Fort",
            "Osho Ashram",
            "Pune University",
            "Parvati Hill"
          ]
        },
        {
          "id": "1103",
          "cityName": "Nagpur",
          "placeNames": [
            "Zero Mile Marker",
            "Deekshabhoomi",
            "Futala Lake",
            "Nagpur Central Museum",
            "Sitabuldi Fort",
            "Balaji Mandir"
          ]
        },
        {
          "id": "1104",
          "cityName": "Nashik",
          "placeNames": [
            "Saptashrungi",
            "Kalaram Sansthan Mandir",
            "Trimbakeshwar Temple",
            "Pandav Leni Caves",
            "Nashik Road",
            "Godavari River"
          ]
        },
        {
          "id": "1105",
          "cityName": "Aurangabad",
          "placeNames": [
            "Ajanta Caves",
            "Ellora Caves",
            "Bibi Ka Maqbara",
            "Daulatabad Fort",
            "Lonar Lake",
            "Grishneshwar Temple"
          ]
        },
        {
          "id": "1106",
          "cityName": "Solapur",
          "placeNames": [
            "Siddheshwar Temple",
            "Solapur Fort",
            "Bhuikot Fort",
            "Nannaj Bird Sanctuary",
            "Rukmini Temple",
            "Hotgi"
          ]
        },
        {
          "id": "1107",
          "cityName": "Amravati",
          "placeNames": [
            "Amba Devi Temple",
            "Melghat Tiger Reserve",
            "Maharaj Baug and Zoo",
            "Waddhamna Lake",
            "Gandhi Gate",
            "Chandur Bazar"
          ]
        },
        {
          "id": "1108",
          "cityName": "Kolhapur",
          "placeNames": [
            "Mahalakshmi Temple",
            "Panhala Fort",
            "Rankala Lake",
            "Shivaji University",
            "Narsobawadi",
            "Khasbag Ground"
          ]
        },
        {
          "id": "1109",
          "cityName": "Thane",
          "placeNames": [
            "Upvan Lake",
            "Suraj Water Park",
            "Korum Mall",
            "Masunda Lake",
            "Tikuji-ni-Wadi",
            "Bhawani Temple"
          ]
        },
        {
          "id": "1110",
          "cityName": "Latur",
          "placeNames": [
            "Kundalika",
            "Udgir Fort",
            "Latur Lake",
            "Basavakalyan",
            "Shivaji Lake",
            "Moolanath Temple"
          ]
        }
      ]
    },
  {
    "_id": {
      "$oid": "66d6bd94306d1da1be24c8c7"
    },
    "id": "12",
    "stateName": "Manipur",
  "cities": [
    {
      "id": "1201",
      "cityName": "Imphal",
      "placeNames": [
        "Shree Govindajee Temple",
        "Kangla Fort",
        "Loktak Lake",
        "Manipur State Museum",
        "Imphal War Cemetery",
        "Sangai Festival"
      ]
    },
    {
      "id": "1202",
      "cityName": "Thoubal",
      "placeNames": [
        "Thoubal Lake",
        "Maibam Lokpaching",
        "Nongpok Sekmai",
        "Kakching Garden",
        "Imphal River"
      ]
    },
    {
      "id": "1203",
      "cityName": "Kakching",
      "placeNames": [
        "Kakching Garden",
        "Sangai Wildlife Sanctuary",
        "Loktak Lake",
        "Kakching Lamkhai",
        "Moirang Market"
      ]
    },
    {
      "id": "1204",
      "cityName": "Churachandpur",
      "placeNames": [
        "Tuibuong Memorial Park",
        "Churachandpur Lake",
        "Churachandpur District Library",
        "Bongjang",
        "Sangrung Valley"
      ]
    },
    {
      "id": "1205",
      "cityName": "Bishnupur",
      "placeNames": [
        "Radha Krishna Temple",
        "Bishnupur Palace",
        "Shree Shyam Temple",
        "Bishnupur Thoubal River",
        "Kangla Fort"
      ]
    },
    {
      "id": "1206",
      "cityName": "Senapati",
      "placeNames": [
        "Kachai Waterfall",
        "Senapati Hill",
        "Senapati District Museum",
        "Mao Gate",
        "Phek Spring"
      ]
    },
    {
      "id": "1207",
      "cityName": "Ukhrul",
      "placeNames": [
        "Kachouphung Lake",
        "Ningthi Waterfall",
        "Khayang Peak",
        "Ukhrul Heritage Centre",
        "Shiroy Peak"
      ]
    },
    {
      "id": "1208",
      "cityName": "Tamenglong",
      "placeNames": [
        "Buning Meadow",
        "Tamenglong District Park",
        "Barak Waterfall",
        "Langol Peak",
        "Tunggi River"
      ]
    },
    {
      "id": "1209",
      "cityName": "Jiribam",
      "placeNames": [
        "Jiribam Market",
        "Barak River",
        "Nungba",
        "Jiribam Fort",
        "Jiribam Wildlife Sanctuary"
      ]
    },
    {
      "id": "1210",
      "cityName": "Moirang",
      "placeNames": [
        "Loktak Lake",
        "Moirang War Memorial",
        "INA Museum",
        "Moirang Kangla",
        "Kangla Fort"
      ]
    }
  ]
},
  {
    "_id": {
      "$oid": "66d6bd94306d1da1be24c8c8"
    },
    "id": "13",
    "stateName": "Meghalaya",
   "cities": [
    {
      "id": "1301",
      "cityName": "Shillong",
      "placeNames": [
        "Umiam Lake",
        "Elephant Falls",
        "Don Bosco Centre for Indigenous Cultures",
        "Ward's Lake",
        "Shillong Peak",
        "Laitlum Canyons"
      ]
    },
    {
      "id": "1302",
      "cityName": "Tura",
      "placeNames": [
        "Tura Peak",
        "Balpakram National Park",
        "Nokrek National Park",
        "Siju Caves",
        "Wangala Festival"
      ]
    },
    {
      "id": "1303",
      "cityName": "Nongstoin",
      "placeNames": [
        "Sohpetbneng Peak",
        "Nongstoin Waterfall",
        "Mawphlang Sacred Forest",
        "Pahambir",
        "Ranikor"
      ]
    },
    {
      "id": "1304",
      "cityName": "Jowai",
      "placeNames": [
        "Nartiang Monoliths",
        "Thadlaskein Lake",
        "Syntu Ksiar",
        "Mawlyngbna",
        "Krang Suri Waterfall"
      ]
    },
    {
      "id": "1305",
      "cityName": "Baghmara",
      "placeNames": [
        "Baghmara Park",
        "Balpakram National Park",
        "Mawsmai Cave",
        "Bonggre River",
        "Malki Waterfall"
      ]
    },
    {
      "id": "1306",
      "cityName": "Williamnagar",
      "placeNames": [
        "Williamnagar Park",
        "Rombagre Village",
        "Nokrek National Park",
        "Chibragre River",
        "Siju Caves"
      ]
    },
    {
      "id": "1307",
      "cityName": "Resubelpara",
      "placeNames": [
        "Mawphlang Sacred Forest",
        "Sohpetbneng Peak",
        "Baitbari",
        "Mawsmai Cave",
        "Syntu Ksiar"
      ]
    },
    {
      "id": "1308",
      "cityName": "Mairang",
      "placeNames": [
        "Mairang Viewpoint",
        "Kyllang Rock",
        "Laitmawsiang",
        "Umiam Lake",
        "Sohpetbneng Peak"
      ]
    },
    {
      "id": "1309",
      "cityName": "Cherrapunji",
      "placeNames": [
        "Nohkalikai Falls",
        "Mawsmai Cave",
        "Living Root Bridges",
        "Dainthlen Falls",
        "Cherrapunji Eco Park"
      ]
    },
    {
      "id": "1310",
      "cityName": "Nongpoh",
      "placeNames": [
        "Sohpetbneng Peak",
        "Nongpoh Viewpoint",
        "Umden Village",
        "Umiam Lake",
        "Nongpoh River"
      ]
    }
  ]
  },
  {
    "_id": {
      "$oid": "66d6bd94306d1da1be24c8c9"
    },
    "id": "14",
    "stateName": "Mizoram",
      "cities": [
        {
          "id": "1401",
          "cityName": "Aizawl",
          "placeNames": [
            "Mizoram State Museum",
            "Durtlang Hills",
            "Lalhmingthanga Park",
            "Bara Bazar",
            "Phulpui",
            "Tuirihiau Falls"
          ]
        },
        {
          "id": "1402",
          "cityName": "Lunglei",
          "placeNames": [
            "Lunglei Viewpoint",
            "Khawlailung",
            "Niawthlang Tlang",
            "Tiau River",
            "Lunglei District Museum"
          ]
        },
        {
          "id": "1403",
          "cityName": "Saiha",
          "placeNames": [
            "Mim Kut Festival",
            "Sangau Village",
            "Lengteng Wildlife Sanctuary",
            "Saiha Lake",
            "Ngengpui Wildlife Sanctuary"
          ]
        },
        {
          "id": "1404",
          "cityName": "Champhai",
          "placeNames": [
            "Champhai Viewpoint",
            "Zokhawthar",
            "Lungleng",
            "Rih Dil Lake",
            "Champhai Valley"
          ]
        },
        {
          "id": "1405",
          "cityName": "Serchhip",
          "placeNames": [
            "Serchhip Waterfall",
            "Vancheng",
            "Pukzing Cave",
            "Sialkal",
            "Durtlang Hills"
          ]
        },
        {
          "id": "1406",
          "cityName": "Kolasib",
          "placeNames": [
            "Kolasib Viewpoint",
            "Tualchang",
            "Baibua Village",
            "Laihka Falls",
            "Lungleng Rock"
          ]
        },
        {
          "id": "1407",
          "cityName": "Lawngtlai",
          "placeNames": [
            "Lawngtlai Hill",
            "Sangau",
            "Chhura",
            "Biate Village",
            "Tualva Waterfall"
          ]
        },
        {
          "id": "1408",
          "cityName": "Mamit",
          "placeNames": [
            "Mamit Viewpoint",
            "Vallay Puthuo",
            "Zokhawthar",
            "Lunglei",
            "Chhimtuipui River"
          ]
        },
        {
          "id": "1409",
          "cityName": "Bairabi",
          "placeNames": [
            "Bairabi River",
            "Bairabi Bridge",
            "Bairabi Village",
            "Tiau River",
            "Mualcheng"
          ]
        },
        {
          "id": "1410",
          "cityName": "Khawzawl",
          "placeNames": [
            "Khawzawl Village",
            "Zote",
            "Tualte",
            "Khawzawl Hill",
            "Tuirial Dam"
          ]
        }
      ]
        
  },
  {
    "_id": {
      "$oid": "66d6bd94306d1da1be24c8ca"
    },
    "id": "15",
    "stateName": "Nagaland",
    "cities": [
      {
        "id": "1501",
        "cityName": "Kohima",
        "placeNames": [
          "Kohima War Cemetery",
          "Dzukou Valley",
          "Kohima Cathedral",
          "Khonoma Village",
          "Japfu Peak",
          "Nagaland State Museum"
        ]
      },
      {
        "id": "1502",
        "cityName": "Dimapur",
        "placeNames": [
          "Ruzhukhrie Ruins",
          "Kachari Ruins",
          "Dimapur Ruins",
          "Nagaland Zoological Park",
          "Chumukedima Village"
        ]
      },
      {
        "id": "1503",
        "cityName": "Mokokchung",
        "placeNames": [
          "Mokokchung Village",
          "Longkhum Village",
          "Chuchuyimlang",
          "Mokokchung Town",
          "Mopungchuket"
        ]
      },
      {
        "id": "1504",
        "cityName": "Tuensang",
        "placeNames": [
          "Shiu Lake",
          "Tuensang District Museum",
          "Kiphere Town",
          "Mt. Saramati",
          "Changsang"
        ]
      },
      {
        "id": "1505",
        "cityName": "Wokha",
        "placeNames": [
          "Wokha Peak",
          "Doyang River",
          "Mount Tiyi",
          "Wokha Village",
          "Angami Village"
        ]
      },
      {
        "id": "1506",
        "cityName": "Zunheboto",
        "placeNames": [
          "Zunheboto Viewpoint",
          "Shilloi Lake",
          "Satoi Range",
          "Zunheboto Village",
          "Naga Heritage Village"
        ]
      },
      {
        "id": "1507",
        "cityName": "Phek",
        "placeNames": [
          "Phek Town",
          "Zhavame Village",
          "Mt. Khel",
          "Phokhungri",
          "Phek Forest Reserve"
        ]
      },
      {
        "id": "1508",
        "cityName": "Mon",
        "placeNames": [
          "Mon Village",
          "Mokokchung Monastery",
          "Wangti Village",
          "Mon District Museum",
          "Konyak Village"
        ]
      },
      {
        "id": "1509",
        "cityName": "Kiphire",
        "placeNames": [
          "Kiphire Town",
          "Mount Saramati",
          "Kiphire Waterfall",
          "Phom Village",
          "Kiphire District"
        ]
      },
      {
        "id": "1510",
        "cityName": "Longleng",
        "placeNames": [
          "Longleng Town",
          "Longleng Fort",
          "Aghun Village",
          "Phom Village",
          "Longleng Viewpoint"
        ]
      }
    ]
  },
  {
    "_id": {
      "$oid": "66d6bd94306d1da1be24c8cb"
    },
    "id": "16",
    "stateName": "Odisha",
    "cities": [
      {
        "id": "1601",
        "cityName": "Bhubaneswar",
        "placeNames": [
          "Lingaraj Temple",
          "Udayagiri and Khandagiri Caves",
          "Nandankanan Zoological Park",
          "Mukteswara Temple",
          "Raja Rani Temple",
          "Brahmeswar Temple"
        ]
      },
      {
        "id": "1602",
        "cityName": "Cuttack",
        "placeNames": [
          "Barabati Fort",
          "Cuttack Chandi Temple",
          "Mahanadi Barrage",
          "Sadhabahu",
          "Netaji Birth Place Museum"
        ]
      },
      {
        "id": "1603",
        "cityName": "Rourkela",
        "placeNames": [
          "Rourkela Steel Plant",
          "Mandira Dam",
          "Hanuman Vatika",
          "Kali Mandir",
          "Indira Gandhi Park"
        ]
      },
      {
        "id": "1604",
        "cityName": "Brahmapur",
        "placeNames": [
          "Chilika Lake",
          "Taptapani Hot Springs",
          "Taratarini Temple",
          "Gopalpur Beach",
          "Brahmapur Stadium"
        ]
      },
      {
        "id": "1605",
        "cityName": "Sambalpur",
        "placeNames": [
          "Hirakud Dam",
          "Sambalpur Lake",
          "Samaleswari Temple",
          "Debrigarh Wildlife Sanctuary",
          "Leopold Caves"
        ]
      },
      {
        "id": "1606",
        "cityName": "Balasore",
        "placeNames": [
          "Chandipur Beach",
          "Balasore Science Centre",
          "Jammu Mandir",
          "Nilgiri Hills",
          "Manjushree Garden"
        ]
      },
      {
        "id": "1607",
        "cityName": "Puri",
        "placeNames": [
          "Jagannath Temple",
          "Puri Beach",
          "Konark Sun Temple",
          "Chilika Lake",
          "Markandeshwar Temple"
        ]
      },
      {
        "id": "1608",
        "cityName": "Bhadrak",
        "placeNames": [
          "Bhadrakali Temple",
          "Kaliapathar Beach",
          "Chandbali",
          "Tamalpara",
          "Sankhari"
        ]
      },
      {
        "id": "1609",
        "cityName": "Baripada",
        "placeNames": [
          "Simlipal National Park",
          "Jagannath Temple",
          "Baripada Palace",
          "Kuchai Waterfall",
          "Khiching Temple"
        ]
      },
      {
        "id": "1610",
        "cityName": "Jharsuguda",
        "placeNames": [
          "Jhirpani Waterfall",
          "Sambalpur Lake",
          "Jharsuguda Market",
          "Maa Samaleswari Temple",
          "Banjari Dham"
        ]
      }
    ]
  },
  {
    "_id": {
      "$oid": "66d6bd94306d1da1be24c8cc"
    },
    "id": "17",
    "stateName": "Punjab",
   "cities": [
    {
      "id": "1701",
      "cityName": "Amritsar",
      "placeNames": [
        "Golden Temple",
        "Jallianwala Bagh",
        "Wagah Border",
        "Mata Lal Ji Temple",
        "Durgiana Temple"
      ]
    },
    {
      "id": "1702",
      "cityName": "Ludhiana",
      "placeNames": [
        "Punjab Agricultural University Museum",
        "Gurudwara Nanaksar",
        "Rakh Bagh Park",
        "Maharaja Ranjit Singh War Memorial",
        "Rose Garden"
      ]
    },
    {
      "id": "1703",
      "cityName": "Jalandhar",
      "placeNames": [
        "Devi Talab Mandir",
        "Surjit Hockey Stadium",
        "Pushpa Gujral Science City",
        "Wonderland Theme Park",
        "Jang-e-Azadi Memorial"
      ]
    },
    {
      "id": "1704",
      "cityName": "Patiala",
      "placeNames": [
        "Qila Mubarak",
        "Sheesh Mahal",
        "Moti Bagh Palace",
        "Gurdwara Dukh Niwaran Sahib",
        "Patiala Heritage Street"
      ]
    },
    {
      "id": "1705",
      "cityName": "Bathinda",
      "placeNames": [
        "Qila Mubarak",
        "Bathinda Lake",
        "Rani Talab",
        "Lakhi Jungle",
        "Gurudwara Haji Rattan"
      ]
    },
    {
      "id": "1706",
      "cityName": "Mohali",
      "placeNames": [
        "Sukhna Lake",
        "Rock Garden",
        "Mohali Stadium",
        "Gurudwara Shri Amb Sahib",
        "Fateh Burj"
      ]
    },
    {
      "id": "1707",
      "cityName": "Hoshiarpur",
      "placeNames": [
        "Tarkeshwar Temple",
        "Gurudwara Sacha Dhan",
        "Sheesh Mahal",
        "Jaliana Lake",
        "Hoshiarpur Fort"
      ]
    },
    {
      "id": "1708",
      "cityName": "Moga",
      "placeNames": [
        "Gurudwara Guru Ka Bagh",
        "Moga Museum",
        "Ludhiana Road",
        "Saint Lamberts Church",
        "Dera Baba Nanak"
      ]
    },
    {
      "id": "1709",
      "cityName": "Pathankot",
      "placeNames": [
        "Shahpurkandi Fort",
        "Ranjit Sagar Dam",
        "Mukteshwar Temple",
        "Kalagram",
        "Dera Baba Nanak"
      ]
    },
    {
      "id": "1710",
      "cityName": "Chandigarh",
      "placeNames": [
        "Rock Garden",
        "Sukhna Lake",
        "Elante Mall",
        "Rose Garden",
        "Zakir Hussain Rose Garden"
      ]
    }
  ]

  },
  {
    "_id": {
      "$oid": "66d6bd94306d1da1be24c8cd"
    },
    "id": "18",
    "stateName": "Rajasthan",
      "cities": [
        {
          "id": "1701",
          "cityName": "Amritsar",
          "placeNames": [
            "Golden Temple",
            "Jallianwala Bagh",
            "Wagah Border",
            "Mata Lal Ji Temple",
            "Durgiana Temple"
          ]
        },
        {
          "id": "1702",
          "cityName": "Ludhiana",
          "placeNames": [
            "Punjab Agricultural University Museum",
            "Gurudwara Nanaksar",
            "Rakh Bagh Park",
            "Maharaja Ranjit Singh War Memorial",
            "Rose Garden"
          ]
        },
        {
          "id": "1703",
          "cityName": "Jalandhar",
          "placeNames": [
            "Devi Talab Mandir",
            "Surjit Hockey Stadium",
            "Pushpa Gujral Science City",
            "Wonderland Theme Park",
            "Jang-e-Azadi Memorial"
          ]
        },
        {
          "id": "1704",
          "cityName": "Patiala",
          "placeNames": [
            "Qila Mubarak",
            "Sheesh Mahal",
            "Moti Bagh Palace",
            "Gurdwara Dukh Niwaran Sahib",
            "Patiala Heritage Street"
          ]
        },
        {
          "id": "1705",
          "cityName": "Bathinda",
          "placeNames": [
            "Qila Mubarak",
            "Bathinda Lake",
            "Rani Talab",
            "Lakhi Jungle",
            "Gurudwara Haji Rattan"
          ]
        },
        {
          "id": "1706",
          "cityName": "Mohali",
          "placeNames": [
            "Sukhna Lake",
            "Rock Garden",
            "Mohali Stadium",
            "Gurudwara Shri Amb Sahib",
            "Fateh Burj"
          ]
        },
        {
          "id": "1707",
          "cityName": "Hoshiarpur",
          "placeNames": [
            "Tarkeshwar Temple",
            "Gurudwara Sacha Dhan",
            "Sheesh Mahal",
            "Jaliana Lake",
            "Hoshiarpur Fort"
          ]
        },
        {
          "id": "1708",
          "cityName": "Moga",
          "placeNames": [
            "Gurudwara Guru Ka Bagh",
            "Moga Museum",
            "Ludhiana Road",
            "Saint Lamberts Church",
            "Dera Baba Nanak"
          ]
        },
        {
          "id": "1709",
          "cityName": "Pathankot",
          "placeNames": [
            "Shahpurkandi Fort",
            "Ranjit Sagar Dam",
            "Mukteshwar Temple",
            "Kalagram",
            "Dera Baba Nanak"
          ]
        },
        {
          "id": "1710",
          "cityName": "Chandigarh",
          "placeNames": [
            "Rock Garden",
            "Sukhna Lake",
            "Elante Mall",
            "Rose Garden",
            "Zakir Hussain Rose Garden"
          ]
        }
      ]
    
  },
  {
    "_id": {
      "$oid": "66d6bd94306d1da1be24c8ce"
    },
    "id": "19",
    "stateName": "Sikkim",
    "cities": [
        {
          "id": "1901",
          "cityName": "Gangtok",
          "placeNames": [
            "Tashi Viewpoint",
            "Rumtek Monastery",
            "MG Road",
            "Namgyal Institute of Tibetology",
            "Ganesh Tok"
          ]
        },
        {
          "id": "1902",
          "cityName": "Geyzing",
          "placeNames": [
            "Pemayangtse Monastery",
            "Rabdentse Ruins",
            "Khecheopalri Lake",
            "Singshore Bridge",
            "Pellling"
          ]
        },
        {
          "id": "1903",
          "cityName": "Mangan",
          "placeNames": [
            "Lachung",
            "Yumthang Valley",
            "Katao",
            "Zemu Glacier",
            "Lachen"
          ]
        },
        {
          "id": "1904",
          "cityName": "Namchi",
          "placeNames": [
            "Samdruptse Hill",
            "Sai Mandir",
            "Ravangla",
            "Tendong Hill",
            "Chardham"
          ]
        },
        {
          "id": "1905",
          "cityName": "Ravangla",
          "placeNames": [
            "Buddha Park",
            "Ravangla Monastery",
            "Temi Tea Garden",
            "Sikkim Himalayan Zoological Park",
            "Khangchendzonga Waterfall"
          ]
        },
        {
          "id": "1906",
          "cityName": "Jorethang",
          "placeNames": [
            "Rangit River",
            "Ralang Monastery",
            "Jorethang Monastery",
            "Rangpo",
            "Chakung"
          ]
        },
        {
          "id": "1907",
          "cityName": "Singtam",
          "placeNames": [
            "Singtam Market",
            "Mangan Monastery",
            "Fambong Lho Wildlife Sanctuary",
            "Timburbung Monastery",
            "Dikchu"
          ]
        },
        {
          "id": "1908",
          "cityName": "Rangpo",
          "placeNames": [
            "Rangpo River",
            "Rangpo Market",
            "Banjhakri Falls",
            "Rangpo Bridge",
            "Sikkim University"
          ]
        },
        {
          "id": "1909",
          "cityName": "Pelling",
          "placeNames": [
            "Pemayangtse Monastery",
            "Rabdentse Ruins",
            "Singshore Bridge",
            "Khecheopalri Lake",
            "Pelling Viewpoint"
          ]
        },
        {
          "id": "1910",
          "cityName": "Yuksom",
          "placeNames": [
            "Yuksom Monastery",
            "Norbugang Park",
            "Khangchendzonga National Park",
            "Tashiding Monastery",
            "Kanchenjunga Waterfalls"
          ]
        }
      ]
    
  },
  {
    "_id": {
      "$oid": "66d6bd94306d1da1be24c8cf"
    },
    "id": "20",
    "stateName": "Tamil Nadu",
    "cities": [
      {
        "id": "2001",
        "cityName": "Chennai",
        "placeNames": [
          "Marina Beach",
          "Kapaleeshwarar Temple",
          "Fort St. George",
          "Government Museum",
          "Santhome Cathedral"
        ]
      },
      {
        "id": "2002",
        "cityName": "Coimbatore",
        "placeNames": [
          "Marudamalai Temple",
          "Perur Pateeswarar Temple",
          "VOC Park & Zoo",
          "Kovai Kutralam Falls",
          "Eachanari Vinayagar Temple"
        ]
      },
      {
        "id": "2003",
        "cityName": "Madurai",
        "placeNames": [
          "Meenakshi Amman Temple",
          "Thirumalai Nayakar Mahal",
          "Gandhi Museum",
          "Alagar Koyil",
          "Mariamman Teppakulam"
        ]
      },
      {
        "id": "2004",
        "cityName": "Tiruchirappalli",
        "placeNames": [
          "Sri Ranganathaswamy Temple",
          "Rockfort Temple",
          "Kallanai Dam",
          "Jambukeswarar Temple",
          "Tiruvanaikkaval Temple"
        ]
      },
      {
        "id": "2005",
        "cityName": "Salem",
        "placeNames": [
          "Yercaud",
          "Kottai Mariamman Temple",
          "Sugavaneswarar Temple",
          "Salem Steel Plant",
          "Sri Rajagopalaswamy Temple"
        ]
      },
      {
        "id": "2006",
        "cityName": "Tiruppur",
        "placeNames": [
          "Amaravathi Reservoir",
          "Sri Kanchi Kamakshi Temple",
          "Avinashi Temple",
          "Kangeyam",
          "Tiruppur Kumaran Memorial"
        ]
      },
      {
        "id": "2007",
        "cityName": "Erode",
        "placeNames": [
          "Bhavani Sangameshwarar Temple",
          "Perumal Temple",
          "Erode Fort",
          "Vellode Birds Sanctuary",
          "Kadu Anumantharaya Swamy Temple"
        ]
      },
      {
        "id": "2008",
        "cityName": "Vellore",
        "placeNames": [
          "Vellore Fort",
          "Sripuram Golden Temple",
          "Jalakandeswarar Temple",
          "Bethlehem Church",
          "Rangapuram"
        ]
      },
      {
        "id": "2009",
        "cityName": "Thoothukudi",
        "placeNames": [
          "Kattabomman Memorial Fort",
          "Tuticorin Port",
          "Our Lady of Snow Church",
          "Manapad Beach",
          "Papanasam Temple"
        ]
      },
      {
        "id": "2010",
        "cityName": "Nagercoil",
        "placeNames": [
          "Padmanabhapuram Palace",
          "Kanya Kumari",
          "Thiruvattar",
          "Suchindram Temple",
          "Nagercoil Temple"
        ]
      }
    ]
  },
  {
    "_id": {
      "$oid": "66d6bd94306d1da1be24c8d0"
    },
    "id": "21",
    "stateName": "Telangana",
    "cities": [
      {
        "id": "2101",
        "cityName": "Hyderabad",
        "placeNames": [
          "Charminar",
          "Golconda Fort",
          "Hussain Sagar Lake",
          "Ramoji Film City",
          "Birla Mandir"
        ]
      },
      {
        "id": "2102",
        "cityName": "Warangal",
        "placeNames": [
          "Warangal Fort",
          "Thousand Pillar Temple",
          "Ramappa Temple",
          "Bhadrakali Temple",
          "Kazipet"
        ]
      },
      {
        "id": "2103",
        "cityName": "Nizamabad",
        "placeNames": [
          "Nizamabad Fort",
          "Alisagar Reservoir",
          "Betsies Church",
          "Pocharam Dam",
          "Sri Neelakanteshwara Temple"
        ]
      },
      {
        "id": "2104",
        "cityName": "Khammam",
        "placeNames": [
          "Khammam Fort",
          "Sri Lakshmi Narasimha Swamy Temple",
          "Pochampalli Reservoir",
          "Kothagudem",
          "Rangapuram"
        ]
      },
      {
        "id": "2105",
        "cityName": "Karimnagar",
        "placeNames": [
          "Elgandal Fort",
          "Sitharampur Reservoir",
          "Sri Raja Rajeshwara Temple",
          "Peddapalli",
          "Peddapalli Reservoir"
        ]
      },
      {
        "id": "2106",
        "cityName": "Mahbubnagar",
        "placeNames": [
          "Ranganayaka Swamy Temple",
          "Mallela Theertham",
          "Panchalingala",
          "Alampur",
          "Jampanna Vagu"
        ]
      },
      {
        "id": "2107",
        "cityName": "Ramagundam",
        "placeNames": [
          "Ramappa Temple",
          "Singareni Collieries",
          "Nizam Sagar Dam",
          "Peddapalli",
          "Sriramagiri"
        ]
      },
      {
        "id": "2108",
        "cityName": "Siddipet",
        "placeNames": [
          "Siddipet Lake",
          "Komuravelli Mallanna Temple",
          "Gajwel",
          "Peddapalli",
          "Bhagyalakshmi Temple"
        ]
      },
      {
        "id": "2109",
        "cityName": "Adilabad",
        "placeNames": [
          "Kuntala Waterfall",
          "Pochera Waterfalls",
          "Sri Sati Mata Temple",
          "Adilabad Fort",
          "Kadamba Reservoir"
        ]
      },
      {
        "id": "2110",
        "cityName": "Miryalaguda",
        "placeNames": [
          "Nagarjuna Sagar Dam",
          "Chilkur Balaji Temple",
          "Sri Kaleshwara Mukteswara Swamy Temple",
          "Miryalaguda Fort",
          "Malkapur Reservoir"
        ]
      }
    ]
  },
  {
    "_id": {
      "$oid": "66d6bd94306d1da1be24c8d1"
    },
    "id": "22",
    "stateName": "Tripura",
    "cities": [
      {
        "id": "2201",
        "cityName": "Agartala",
        "placeNames": [
          "Ujjayanta Palace",
          "Tripura Sundari Temple",
          "Neermahal Palace",
          "Matabari",
          "Jagannath Temple"
        ]
      },
      {
        "id": "2202",
        "cityName": "Udaipur",
        "placeNames": [
          "Tripura Sundari Temple",
          "Udaipur Lake",
          "Bhuvaneswari Temple",
          "Jampui Hills",
          "Amarpur"
        ]
      },
      {
        "id": "2203",
        "cityName": "Dharmanagar",
        "placeNames": [
          "Radhakishore Temple",
          "Kunjaban Palace",
          "Sadarghat",
          "Durga Mandir",
          "Kailashahar"
        ]
      },
      {
        "id": "2204",
        "cityName": "Kailashahar",
        "placeNames": [
          "Kailashahar Siva Temple",
          "Ramchandra Saha Memorial",
          "Bhadrakali Temple",
          "Khiching",
          "Amjonga"
        ]
      },
      {
        "id": "2205",
        "cityName": "Ambassa",
        "placeNames": [
          "Ambassa Lake",
          "Kamakhya Temple",
          "Bishramganj",
          "Durgabari",
          "Jampui Hills"
        ]
      },
      {
        "id": "2206",
        "cityName": "Belonia",
        "placeNames": [
          "Bojonpur Temple",
          "Laxminarayan Temple",
          "Belonia Railway Station",
          "Gokulnagar",
          "Madhupur"
        ]
      },
      {
        "id": "2207",
        "cityName": "Sonamura",
        "placeNames": [
          "Sonamura Bridge",
          "Agartala Sonamura Road",
          "Shibnagar",
          "Matha Mandir",
          "Jatanbari"
        ]
      },
      {
        "id": "2208",
        "cityName": "Kamalpur",
        "placeNames": [
          "Madhusree Mandir",
          "Kamalpur Park",
          "Kamalpur Railway Station",
          "Agarthala",
          "Barjala"
        ]
      },
      {
        "id": "2209",
        "cityName": "Bishalgarh",
        "placeNames": [
          "Radhakishore Temple",
          "Bishalgarh Road",
          "Bishalgarh College",
          "Lakshmi Mandir",
          "Debendra Saha Memorial"
        ]
      },
      {
        "id": "2210",
        "cityName": "Khowai",
        "placeNames": [
          "Khowai River",
          "Khowai Temple",
          "Khowai College",
          "Radhanagar",
          "Durgabari"
        ]
      }
    ]
  },
  {
    "_id": {
      "$oid": "66d6bd94306d1da1be24c8d2"
    },
    "id": "23",
    "stateName": "Uttar Pradesh",
    "cities": [
    {
      "id": "2301",
      "cityName": "Lucknow",
      "placeNames": [
        "Bara Imambara",
        "Chota Imambara",
        "Rumi Darwaza",
        "Ambedkar Memorial Park",
        "Kaiserbagh Palace"
      ]
    },
    {
      "id": "2302",
      "cityName": "Kanpur",
      "placeNames": [
        "J.K. Temple",
        "Kanpur Zoo",
        "Allen Forest Zoo",
        "Bithoor",
        "Phool Bagh"
      ]
    },
    {
      "id": "2303",
      "cityName": "Ghaziabad",
      "placeNames": [
        "Surajkund",
        "ISKCON Ghaziabad",
        "Siddhartha Vihar",
        "Drizzling Land Water Park",
        "Vasundhara"
      ]
    },
    {
      "id": "2304",
      "cityName": "Agra",
      "placeNames": [
        "Taj Mahal",
        "Agra Fort",
        "Fatehpur Sikri",
        "Mehtab Bagh",
        "Itmad-ud-Daula"
      ]
    },
    {
      "id": "2305",
      "cityName": "Varanasi",
      "placeNames": [
        "Kashi Vishwanath Temple",
        "Dashashwamedh Ghat",
        "Sarnath",
        "Assi Ghat",
        "Banaras Hindu University"
      ]
    },
    {
      "id": "2306",
      "cityName": "Meerut",
      "placeNames": [
        "Suraj Kund",
        "Jain Temple",
        "Meerut Cantonment",
        "Mansa Devi Temple",
        "Ghanta Ghar"
      ]
    },
    {
      "id": "2307",
      "cityName": "Allahabad",
      "placeNames": [
        "Triveni Sangam",
        "Allahabad Fort",
        "Anand Bhawan",
        "Kumbh Mela Grounds",
        "Mankameshwar Temple"
      ]
    },
    {
      "id": "2308",
      "cityName": "Bareilly",
      "placeNames": [
        "Alakhnath Temple",
        "Bareilly Fort",
        "Dargah Aala Hazrat",
        "Nanauta",
        "Trivati Nath Temple"
      ]
    },
    {
      "id": "2309",
      "cityName": "Aligarh",
      "placeNames": [
        "Aligarh Fort",
        "Maulana Azad Library",
        "Raja Ka Talab",
        "Aligarh Muslim University",
        "Khereshwar Temple"
      ]
    },
    {
      "id": "2310",
      "cityName": "Moradabad",
      "placeNames": [
        "Moradabad Fort",
        "Saraswati Temple",
        "Kashmiri Gate",
        "Jama Masjid",
        "Shahbazpur"
      ]
    }
  ]
  },
  {
    "_id": {
      "$oid": "66d6bd94306d1da1be24c8d3"
    },
    "id": "24",
    "stateName": "Uttarakhand",
    "cities": [
      {
        "id": "2401",
        "cityName": "Dehradun",
        "placeNames": [
          "Robber's Cave",
          "Sahastradhara",
          "Tapkeshwar Temple",
          "Forest Research Institute",
          "Rajaji National Park"
        ]
      },
      {
        "id": "2402",
        "cityName": "Haridwar",
        "placeNames": [
          "Har Ki Pauri",
          "Mansa Devi Temple",
          "Chandi Devi Temple",
          "Brahmakund",
          "Neelkanth Mahadev Temple"
        ]
      },
      {
        "id": "2403",
        "cityName": "Roorkee",
        "placeNames": [
          "Indian Institute of Technology (IIT) Roorkee",
          "Roorkee Fort",
          "Sirmaur Temple",
          "Solani Aqueduct",
          "Brahmapuri"
        ]
      },
      {
        "id": "2404",
        "cityName": "Haldwani",
        "placeNames": [
          "Khurpa Taal",
          "Gaula River",
          "Naina Devi Temple",
          "Haldwani Market",
          "Swarna Jayanti Park"
        ]
      },
      {
        "id": "2405",
        "cityName": "Rudrapur",
        "placeNames": [
          "Jhulapadma Temple",
          "Rudra Dham",
          "Maa Maheswari Temple",
          "Pantnagar University",
          "Drona Sagar"
        ]
      },
      {
        "id": "2406",
        "cityName": "Kashipur",
        "placeNames": [
          "Jama Masjid",
          "Drona Sagar",
          "Moti Mahal",
          "Giri Sarovar",
          "Maa Badrinath Temple"
        ]
      },
      {
        "id": "2407",
        "cityName": "Rishikesh",
        "placeNames": [
          "Laxman Jhula",
          "Ram Jhula",
          "Triveni Ghat",
          "Neelkanth Mahadev Temple",
          "Beatles Ashram"
        ]
      },
      {
        "id": "2408",
        "cityName": "Nainital",
        "placeNames": [
          "Naini Lake",
          "Naina Devi Temple",
          "Snow View Point",
          "Tiffin Top",
          "The Mall Road"
        ]
      },
      {
        "id": "2409",
        "cityName": "Almora",
        "placeNames": [
          "Binsar Wildlife Sanctuary",
          "Jageshwar Temple",
          "Kasar Devi Temple",
          "Almora Fort",
          "Chitai Golu Devta Temple"
        ]
      },
      {
        "id": "2410",
        "cityName": "Pithoragarh",
        "placeNames": [
          "Pithoragarh Fort",
          "Kailash Mansarovar",
          "Munsyari",
          "Jhulaghat",
          "Gori Ganga"
        ]
      }
    ]
  },
  {
    "_id": {
      "$oid": "66d6bd94306d1da1be24c8d4"
    },
    "id": "25",
    "stateName": "West Bengal",
    "cities": [
      {
        "id": "2501",
        "cityName": "Kolkata",
        "placeNames": [
          "Victoria Memorial",
          "Howrah Bridge",
          "Dakshineswar Kali Temple",
          "Eden Gardens",
          "Indian Museum"
        ]
      },
      {
        "id": "2502",
        "cityName": "Asansol",
        "placeNames": [
          "Kalyaneshwari Temple",
          "Maithon Dam",
          "Panchsayer Lake",
          "Sankh River",
          "Asansol Railway Station"
        ]
      },
      {
        "id": "2503",
        "cityName": "Siliguri",
        "placeNames": [
          "Mahananda Wildlife Sanctuary",
          "Sevokeshwari Kali Mandir",
          "ISKCON Siliguri",
          "Bengal Safari",
          "Siliguri Junction"
        ]
      },
      {
        "id": "2504",
        "cityName": "Durgapur",
        "placeNames": [
          "Bhabani Pathak's Tilla",
          "Durgapur Barrage",
          "Kali Temple",
          "Rani Sati Mandir",
          "Kumirdaha Lake"
        ]
      },
      {
        "id": "2505",
        "cityName": "Bardhaman",
        "placeNames": [
          "Bardhaman Rajbari",
          "Vishnu Temple",
          "Burdwan University",
          "Kanchannagar",
          "Gandhi Ghat"
        ]
      },
      {
        "id": "2506",
        "cityName": "Malda",
        "placeNames": [
          "Adina Mosque",
          "Malda Museum",
          "Nanak Shahi Gurudwara",
          "Harishchandrapur",
          "English Bazar"
        ]
      },
      {
        "id": "2507",
        "cityName": "Kalimpong",
        "placeNames": [
          "Zang Dhok Palri Phodang Monastery",
          "Deolo Hill",
          "Kalimpong Cactus Nursery",
          "Morgan House",
          "Durpin Dara Monastery"
        ]
      },
      {
        "id": "2508",
        "cityName": "Bankura",
        "placeNames": [
          "Bishnupur",
          "Bankura Church",
          "Jubilee Park",
          "Koleria",
          "Sita Mandir"
        ]
      },
      {
        "id": "2509",
        "cityName": "Darjeeling",
        "placeNames": [
          "Tiger Hill",
          "Batasia Loop",
          "Darjeeling Himalayan Railway",
          "Peace Pagoda",
          "Padmaja Naidu Himalayan Zoological Park"
        ]
      },
      {
        "id": "2510",
        "cityName": "Medinipur",
        "placeNames": [
          "Medinipur Rajbari",
          "Shibpur Temple",
          "Keshiari Temple",
          "Maidan",
          "Sitanath Temple"
        ]
      }
    ]
  },
  {
    "_id": {
      "$oid": "66d6bd94306d1da1be24c8d5"
    },
    "id": "26",
    "stateName": "Andaman and Nicobar Islands",
    "cities": [
      {
        "id": "2601",
        "cityName": "Port Blair",
        "placeNames": [
          "Cellular Jail",
          "Chidiya Tapu",
          "Ross Island",
          "Corbyns Cove Beach",
          "Anthropological Museum"
        ]
      },
      {
        "id": "2602",
        "cityName": "Car Nicobar",
        "placeNames": [
          "Car Nicobar Beach",
          "Katchal Island",
          "Panchayat Village",
          "Coconut Plantation",
          "Gurudwara"
        ]
      },
      {
        "id": "2603",
        "cityName": "Havelock Island",
        "placeNames": [
          "Radhanagar Beach",
          "Elephant Beach",
          "Kalapathar Beach",
          "Havelock Jetty",
          "Neilsens Cove"
        ]
      },
      {
        "id": "2604",
        "cityName": "Diglipur",
        "placeNames": [
          "Kalipur Beach",
          "Ram Nagar Beach",
          "Mud Volcano",
          "Saddle Peak",
          "Cuthbert Bay Wildlife Sanctuary"
        ]
      },
      {
        "id": "2605",
        "cityName": "Rangat",
        "placeNames": [
          "Rangat Beach",
          "Yerrata Bay",
          "Mahatma Gandhi Marine National Park",
          "Cuthbert Bay Wildlife Sanctuary",
          "Havelock Island"
        ]
      },
      {
        "id": "2606",
        "cityName": "Mayabunder",
        "placeNames": [
          "Karmatang Beach",
          "Coconut Plantation",
          "German Jetty",
          "Mayabunder Forest",
          "Rangat Island"
        ]
      },
      {
        "id": "2607",
        "cityName": "Neil Island",
        "placeNames": [
          "Laxmanpur Beach",
          "Sitapur Beach",
          "Bharatpur Beach",
          "Natural Bridge",
          "Neil Island Jetty"
        ]
      },
      {
        "id": "2608",
        "cityName": "Nancowry",
        "placeNames": [
          "Nancowry Island",
          "Car Nicobar",
          "Coconut Plantation",
          "Gurudwara",
          "Sunset Viewpoint"
        ]
      },
      {
        "id": "2609",
        "cityName": "Campbell Bay",
        "placeNames": [
          "Campbell Bay National Park",
          "Indira Point",
          "Swaraj Dweep",
          "Marine Life",
          "Southernmost Tip of India"
        ]
      },
      {
        "id": "2610",
        "cityName": "Little Andaman",
        "placeNames": [
          "Radhanagar Beach",
          "White Surf Waterfall",
          "Little Andaman Beach",
          "Bison Island",
          "Red Skin Island"
        ]
      }
    ]
  },
  {
    "_id": {
      "$oid": "66d6bd94306d1da1be24c8d6"
    },
    "id": "27",
    "stateName": "Chandigarh",
    "cities": [
    {
      "id": "2701",
      "cityName": "Chandigarh",
      "placeNames": [
        "Sukhna Lake",
        "Rock Garden",
        "Zakir Hussain Rose Garden",
        "Sector 17 Plaza",
        "Elante Mall",
        "Chandigarh Haat"
      ]
    },
    {
      "id": "2702",
      "cityName": "Mani Majra",
      "placeNames": [
        "Mani Majra Fort",
        "Gurdwara Mani Majra",
        "Gurudwara Nanaksar"
      ]
    },
    {
      "id": "2703",
      "cityName": "Dhanas",
      "placeNames": [
        "Dhanas Lake",
        "Dhanas Nature Park"
      ]
    },
    {
      "id": "2704",
      "cityName": "Sarangpur",
      "placeNames": [
        "Sarangpur Gurudwara",
        "Sarangpur Lake"
      ]
    },
    {
      "id": "2705",
      "cityName": "Maloya",
      "placeNames": [
        "Maloya Lake",
        "Maloya Community Center"
      ]
    },
    {
      "id": "2706",
      "cityName": "Dadumajra",
      "placeNames": [
        "Dadumajra Lake"
      ]
    },
    {
      "id": "2707",
      "cityName": "Kishangarh",
      "placeNames": [
        "Kishangarh Fort",
        "Kishangarh Lake"
      ]
    },
    {
      "id": "2708",
      "cityName": "Behlana",
      "placeNames": [
        "Behlana Village",
        "Behlana Park"
      ]
    },
    {
      "id": "2709",
      "cityName": "Mauli Jagran",
      "placeNames": [
        "Mauli Jagran Gurudwara",
        "Mauli Jagran Park"
      ]
    },
    {
      "id": "2710",
      "cityName": "Palsora",
      "placeNames": [
        "Palsora Lake",
        "Palsora Temple"
      ]
    }
  ]
  },
  {
    "_id": {
      "$oid": "66d6bd94306d1da1be24c8d7"
    },
    "id": "28",
    "stateName": "Dadra and Nagar Haveli and Daman and Diu",
    "cities": [
      {
        "id": "2801",
        "cityName": "Daman",
        "placeNames": [
          "Daman Beach",
          "Fort of St. Jerome",
          "Moti Daman Fort",
          "Jampore Beach",
          "Daman Ganga River"
        ]
      },
      {
        "id": "2802",
        "cityName": "Diu",
        "placeNames": [
          "Diu Fort",
          "Nagoa Beach",
          "St. Pauls Church",
          "Naida Caves",
          "Gangeshwar Temple"
        ]
      },
      {
        "id": "2803",
        "cityName": "Silvassa",
        "placeNames": [
          "Vanganga Lake",
          "Silvassa Tribal Museum",
          "Dadra and Nagar Haveli Wildlife Sanctuary",
          "Moti Daman Fort"
        ]
      },
      {
        "id": "2804",
        "cityName": "Amli",
        "placeNames": [
          "Amli Village",
          "Amli Park"
        ]
      },
      {
        "id": "2805",
        "cityName": "Bhimpore",
        "placeNames": [
          "Bhimpore Beach",
          "Bhimpore Temple"
        ]
      },
      {
        "id": "2806",
        "cityName": "Ghansoli",
        "placeNames": [
          "Ghansoli Beach",
          "Ghansoli Village"
        ]
      },
      {
        "id": "2807",
        "cityName": "Naroli",
        "placeNames": [
          "Naroli Beach",
          "Naroli Temple"
        ]
      },
      {
        "id": "2808",
        "cityName": "Vapi",
        "placeNames": [
          "Vapi Industrial Area",
          "Vapi Temple",
          "Vapi Park"
        ]
      },
      {
        "id": "2809",
        "cityName": "Kachigam",
        "placeNames": [
          "Kachigam Lake",
          "Kachigam Temple"
        ]
      },
      {
        "id": "2810",
        "cityName": "Marwad",
        "placeNames": [
          "Marwad Village",
          "Marwad Beach"
        ]
      }
    ]
  },
  {
    "_id": {
      "$oid": "66d6bd94306d1da1be24c8d8"
    },
    "id": "29",
    "stateName": "Jharkhand",
    "cities": [
    {
      "id": "2901",
      "cityName": "Ranchi",
      "placeNames": [
        "Jagannath Temple",
        "Rock Garden",
        "Ranchi Lake",
        "Kanke Dam",
        "Hundru Falls",
        "Dassam Falls"
      ]
    },
    {
      "id": "2902",
      "cityName": "Jamshedpur",
      "placeNames": [
        "Tata Steel Zoological Park",
        "Dimna Lake",
        "Jubilee Park",
        "Baba Jiwraji Temple",
        "Keenan Stadium"
      ]
    },
    {
      "id": "2903",
      "cityName": "Dhanbad",
      "placeNames": [
        "Maithon Dam",
        "Topchanchi Lake",
        "Shakti Mandir",
        "Jharia",
        "Jharia Temple"
      ]
    },
    {
      "id": "2904",
      "cityName": "Bokaro",
      "placeNames": [
        "Bokaro Steel City",
        "Jagannath Temple",
        "Bokaro Thermal Power Plant",
        "City Park",
        "Chas"
      ]
    },
    {
      "id": "2905",
      "cityName": "Deoghar",
      "placeNames": [
        "Baidyanath Temple",
        "Satsang Ashram",
        "Trikut Pahar",
        "Deoghar",
        "Nandan Pahar"
      ]
    },
    {
      "id": "2906",
      "cityName": "Hazaribagh",
      "placeNames": [
        "Hazaribagh Lake",
        "Hazaribagh National Park",
        "Mirzachur Waterfall",
        "Kanwariya Temple"
      ]
    },
    {
      "id": "2907",
      "cityName": "Giridih",
      "placeNames": [
        "Jama Masjid",
        "Parasnath Hill",
        "Rajbandh Dam",
        "Madhuban Park"
      ]
    },
    {
      "id": "2908",
      "cityName": "Ramgarh",
      "placeNames": [
        "Ramgarh Lake",
        "Bhadrakali Temple",
        "Topchanchi Lake"
      ]
    },
    {
      "id": "2909",
      "cityName": "Palamu",
      "placeNames": [
        "Palamu Fort",
        "Betla National Park",
        "Bhandariya Waterfall",
        "Nehru Park"
      ]
    },
    {
      "id": "2910",
      "cityName": "Dumka",
      "placeNames": [
        "Basukinath Temple",
        "Satsang Ashram",
        "Sohrai Temple",
        "Madhupur"
      ]
    }
  ]
  },
  {
    "_id": {
      "$oid": "66d6bd94306d1da1be24c8d9"
    },
    "id": "30",
    "stateName": "Karnataka",
    "cities": [
      {
        "id": "3001",
        "cityName": "Bengaluru",
        "placeNames": [
          "Bangalore Palace",
          "Lalbagh Botanical Garden",
          "Cubbon Park",
          "Vidhana Soudha",
          "Bannerghatta National Park",
          "ISKCON Temple"
        ]
      },
      {
        "id": "3002",
        "cityName": "Mysuru",
        "placeNames": [
          "Mysore Palace",
          "Chamundeshwari Temple",
          "Brindavan Gardens",
          "St. Philomena's Church",
          "Mysuru Zoo",
          "Lalitha Mahal Palace"
        ]
      },
      {
        "id": "3003",
        "cityName": "Mangaluru",
        "placeNames": [
          "Panambur Beach",
          "Kudroli Gokarnath Temple",
          "St. Aloysius Chapel",
          "Mangaladevi Temple",
          "Sultan Battery",
          "Tannirbhavi Beach"
        ]
      },
      {
        "id": "3004",
        "cityName": "Hubballi-Dharwad",
        "placeNames": [
          "Unkal Lake",
          "Dharwad Fort",
          "Nrupatunga Hill",
          "Swarna Vahini Temple",
          "Chandramouleshwara Temple"
        ]
      },
      {
        "id": "3005",
        "cityName": "Belagavi",
        "placeNames": [
          "Belagavi Fort",
          "Kamala Basti",
          "Gokak Falls",
          "Bhimgad Wildlife Sanctuary",
          "Ramnathi Temple"
        ]
      },
      {
        "id": "3006",
        "cityName": "Kalaburagi",
        "placeNames": [
          "Kalaburagi Fort",
          "Sharana Basaveshwara Temple",
          "Khwaja Banda Nawaz Dargah",
          "Chand Bibi Mahal"
        ]
      },
      {
        "id": "3007",
        "cityName": "Shivamogga",
        "placeNames": [
          "Jog Falls",
          "Tunga Anicut Dam",
          "Keladi Temple",
          "Sakrebailu Elephant Camp",
          "Shivappa Nayaka Palace"
        ]
      },
      {
        "id": "3008",
        "cityName": "Ballari",
        "placeNames": [
          "Ballari Fort",
          "Hampi",
          "Tungabhadra Dam",
          "Virupaksha Temple",
          "Hazara Rama Temple"
        ]
      },
      {
        "id": "3009",
        "cityName": "Vijayapura",
        "placeNames": [
          "Gol Gumbaz",
          "Bara Kaman",
          "Jami Masjid",
          "Ibrahim Rauza",
          "Vijayapura Fort"
        ]
      },
      {
        "id": "3010",
        "cityName": "Davangere",
        "placeNames": [
          "Durgambha Temple",
          "Sri Anjaneya Swamy Temple",
          "Harihareshwara Temple",
          "Sakrepatna",
          "Madhugiri Fort"
        ]
      }
    ]
  },
  {
    "_id": {
      "$oid": "66d6bd94306d1da1be24c8da"
    },
    "id": "31",
    "stateName": "Kerala",
      "cities": [
        {
          "id": "3101",
          "cityName": "Thiruvananthapuram",
          "placeNames": [
            "Sree Padmanabhaswamy Temple",
            "Kuthiramalika Palace",
            "Shankhumugham Beach",
            "Napier Museum",
            "Veli Tourist Village",
            "Ponmudi Hill Station"
          ]
        },
        {
          "id": "3102",
          "cityName": "Kochi",
          "placeNames": [
            "Fort Kochi",
            "Mattancherry Palace",
            "Chinese Fishing Nets",
            "Jew Town",
            "Paradesi Synagogue",
            "Kochi Marine Drive"
          ]
        },
        {
          "id": "3103",
          "cityName": "Kozhikode",
          "placeNames": [
            "Kozhikode Beach",
            "Manachira Square",
            "Sree Malayala Dasan Temple",
            "Thusharagiri Waterfalls",
            "Kozhippara Falls"
          ]
        },
        {
          "id": "3104",
          "cityName": "Thrissur",
          "placeNames": [
            "Vadakkunnathan Temple",
            "Thrissur Zoo",
            "Kerala Kalamandalam",
            "Irinjalakuda",
            "Punnathur Kotta Elephant Sanctuary"
          ]
        },
        {
          "id": "3105",
          "cityName": "Kollam",
          "placeNames": [
            "Sasthamkotta Lake",
            "Munroe Island",
            "Kollam Beach",
            "Punalur",
            "Ashtamudi Lake",
            "Thevally Palace"
          ]
        },
        {
          "id": "3106",
          "cityName": "Alappuzha",
          "placeNames": [
            "Alappuzha Beach",
            "Vembanad Lake",
            "Krishnapuram Palace",
            "Ambalappuzha Sree Krishna Temple",
            "Pathiramanal Island"
          ]
        },
        {
          "id": "3107",
          "cityName": "Palakkad",
          "placeNames": [
            "Palakkad Fort",
            "Silent Valley National Park",
            "Parambikulam Tiger Reserve",
            "Malampuzha Dam",
            "Dhoni Waterfalls"
          ]
        },
        {
          "id": "3108",
          "cityName": "Kottayam",
          "placeNames": [
            "Vembanad Lake",
            "Sabarimala",
            "Kumarakom Bird Sanctuary",
            "Elaveezha Poonchira",
            "Vaikom Mahadeva Temple"
          ]
        },
        {
          "id": "3109",
          "cityName": "Kannur",
          "placeNames": [
            "St. Angelo Fort",
            "Muzhappilangad Drive-in Beach",
            "Parassinikkadavu Snake Park",
            "Payyambalam Beach",
            "Arakkal Museum"
          ]
        },
        {
          "id": "3110",
          "cityName": "Malappuram",
          "placeNames": [
            "Kottakkunnu",
            "Tirur Beach",
            "Ponnani",
            "Nelliyampathy",
            "Vaikom"
          ]
        }
      ]
    
  },
  {
    "_id": {
      "$oid": "66d6bd94306d1da1be24c8db"
    },
    "id": "32",
    "stateName": "Lakshadweep",
      "cities": [
        {
          "id": "3201",
          "cityName": "Kavaratti",
          "placeNames": [
            "Kavaratti Beach",
            "Marine Aquarium",
            "Ujra Mosque",
            "Kavaratti Island",
            "Laccadive Islands"
          ]
        },
        {
          "id": "3202",
          "cityName": "Agatti",
          "placeNames": [
            "Agatti Island Beach",
            "Agatti Lagoon",
            "Marine Life Museum",
            "Agatti Coral Reef"
          ]
        },
        {
          "id": "3203",
          "cityName": "Amini",
          "placeNames": [
            "Amini Island",
            "Amini Beach",
            "Amini Lighthouse",
            "Island Culture Center"
          ]
        },
        {
          "id": "3204",
          "cityName": "Andrott",
          "placeNames": [
            "Andrott Island",
            "Andrott Beach",
            "Khadir Island"
          ]
        },
        {
          "id": "3205",
          "cityName": "Kalpeni",
          "placeNames": [
            "Kalpeni Beach",
            "Kalpeni Lagoon",
            "Kalpeni Island"
          ]
        },
        {
          "id": "3206",
          "cityName": "Minicoy",
          "placeNames": [
            "Minicoy Island",
            "Minicoy Lighthouse",
            "Hinnavaru Island",
            "Viringili Island"
          ]
        },
        {
          "id": "3207",
          "cityName": "Kadmat",
          "placeNames": [
            "Kadmat Island",
            "Kadmat Beach",
            "Kadmat Lagoon"
          ]
        },
        {
          "id": "3208",
          "cityName": "Kiltan",
          "placeNames": [
            "Kiltan Island",
            "Kiltan Beach",
            "Kiltan Lighthouse"
          ]
        },
        {
          "id": "3209",
          "cityName": "Chetlat",
          "placeNames": [
            "Chetlat Island",
            "Chetlat Beach",
            "Chetlat Lagoon"
          ]
        },
        {
          "id": "3210",
          "cityName": "Bitra",
          "placeNames": [
            "Bitra Island",
            "Bitra Beach"
          ]
        }
      ]
    
  },
  {
    "_id": {
      "$oid": "66d6bd94306d1da1be24c8dc"
    },
    "id": "33",
    "stateName": "Delhi",
    "cities": [
      {
        "id": "3301",
        "cityName": "New Delhi",
        "placeNames": [
          "India Gate",
          "Red Fort",
          "Qutub Minar",
          "Lotus Temple",
          "Humayun's Tomb",
          "Parliament House",
          "Raj Ghat"
        ]
      },
      {
        "id": "3302",
        "cityName": "Central Delhi",
        "placeNames": [
          "Connaught Place",
          "Jantar Mantar",
          "Gurudwara Bangla Sahib",
          "Palika Bazaar",
          "Janpath"
        ]
      },
      {
        "id": "3303",
        "cityName": "East Delhi",
        "placeNames": [
          "Akshardham Temple",
          "Laxmi Nagar",
          "Yamuna Sports Complex",
          "Noida Sector 15 Market"
        ]
      },
      {
        "id": "3304",
        "cityName": "North Delhi",
        "placeNames": [
          "Delhi University",
          "Shakti Sthal",
          "Bhalswa Lake",
          "Shivaji Stadium"
        ]
      },
      {
        "id": "3305",
        "cityName": "South Delhi",
        "placeNames": [
          "Saket Mall",
          "Hauz Khas Village",
          "Qutub Minar",
          "Dilli Haat",
          "Garden of Five Senses"
        ]
      },
      {
        "id": "3306",
        "cityName": "West Delhi",
        "placeNames": [
          "Rajouri Garden",
          "Punjabi Bagh",
          "Janakpuri District Centre",
          "Dwarka Mor"
        ]
      },
      {
        "id": "3307",
        "cityName": "Shahdara",
        "placeNames": [
          "Shahdara Fort",
          "Kailash Nagar",
          "Surajmal Vihar",
          "Shahdara Metro Station"
        ]
      },
      {
        "id": "3308",
        "cityName": "Rohini",
        "placeNames": [
          "Rohini Sector 9 Park",
          "Rohini Metro Station",
          "Rohini East"
        ]
      },
      {
        "id": "3309",
        "cityName": "Dwarka",
        "placeNames": [
          "Dwarka Sector 21 Metro Station",
          "Dwarka Mor",
          "ISKCON Temple Dwarka",
          "DDA Sports Complex"
        ]
      },
      {
        "id": "3310",
        "cityName": "Najafgarh",
        "placeNames": [
          "Najafgarh Drain",
          "Najafgarh Metro Station",
          "Najafgarh Mandi"
        ]
      }
    ]
  },
  {
    "_id": {
      "$oid": "66d6bd94306d1da1be24c8dd"
    },
    "id": "34",
    "stateName": "Puducherry",
      "cities": [
        {
          "id": "3401",
          "cityName": "Puducherry",
          "placeNames": [
            "Auroville",
            "Promenade Beach",
            "Sri Aurobindo Ashram",
            "Basilica of the Sacred Heart of Jesus",
            "Puducherry Museum"
          ]
        },
        {
          "id": "3402",
          "cityName": "Oulgaret",
          "placeNames": [
            "Oulgaret Beach",
            "Oulgaret Lake",
            "Oulgaret Market"
          ]
        },
        {
          "id": "3403",
          "cityName": "Karaikal",
          "placeNames": [
            "Karaikal Beach",
            "Karaikal Ammaiyar Temple",
            "Pillaiyarkuppam",
            "Karaikal Port"
          ]
        },
        {
          "id": "3404",
          "cityName": "Mahe",
          "placeNames": [
            "Mahe Beach",
            "Mahe Fort",
            "Mahe River"
          ]
        },
        {
          "id": "3405",
          "cityName": "Yanam",
          "placeNames": [
            "Yanam Beach",
            "Yanam Jetty",
            "Sambavar Vadakal"
          ]
        },
        {
          "id": "3406",
          "cityName": "Villiyanur",
          "placeNames": [
            "Villiyanur Village",
            "Villiyanur Lake"
          ]
        },
        {
          "id": "3407",
          "cityName": "Bahour",
          "placeNames": [
            "Bahour Lake",
            "Sri Lakshmi Narayana Temple"
          ]
        },
        {
          "id": "3408",
          "cityName": "Nettapakkam",
          "placeNames": [
            "Nettapakkam Village",
            "Nettapakkam Reservoir"
          ]
        },
        {
          "id": "3409",
          "cityName": "Ariyankuppam",
          "placeNames": [
            "Ariyankuppam River",
            "Ariyankuppam Temple"
          ]
        },
        {
          "id": "3410",
          "cityName": "Tirubhuvanai",
          "placeNames": [
            "Tirubhuvanai Temple",
            "Tirubhuvanai Lake"
          ]
        }
      ]
    
  },
  {
    "_id": {
      "$oid": "66d6bd94306d1da1be24c8de"
    },
    "id": "35",
    "stateName": "Jammu and Kashmir",
    "cities": [
      {
        "id": "3501",
        "cityName": "Srinagar",
        "placeNames": [
          "Dal Lake",
          "Nishat Bagh",
          "Shankaracharya Temple",
          "Mughal Gardens",
          "Hazratbal Shrine"
        ]
      },
      {
        "id": "3502",
        "cityName": "Jammu",
        "placeNames": [
          "Vaishno Devi Temple",
          "Raghunath Temple",
          "Ranbireshwar Temple",
          "Bahu Fort",
          "Mansar Lake"
        ]
      },
      {
        "id": "3503",
        "cityName": "Anantnag",
        "placeNames": [
          "Verinag Spring",
          "Sheshnag Lake",
          "Betaab Valley",
          "Anantnag Park"
        ]
      },
      {
        "id": "3504",
        "cityName": "Baramulla",
        "placeNames": [
          "Gulmarg",
          "Khilanmarg",
          "Baramulla Fort",
          "Shalimar Bagh"
        ]
      },
      {
        "id": "3505",
        "cityName": "Udhampur",
        "placeNames": [
          "Patnitop",
          "Udhampur Temple",
          "Mansar Lake"
        ]
      },
      {
        "id": "3506",
        "cityName": "Kathua",
        "placeNames": [
          "Baba Sidh Goria Temple",
          "Mahanpur",
          "Kathua Fort"
        ]
      },
      {
        "id": "3507",
        "cityName": "Sopore",
        "placeNames": [
          "Sopore Market",
          "Shah-i-Hamdan Shrine",
          "Sopore Bridge"
        ]
      },
      {
        "id": "3508",
        "cityName": "Rajouri",
        "placeNames": [
          "Rajouri Fort",
          "Nowshera",
          "Bhimber Gali"
        ]
      },
      {
        "id": "3509",
        "cityName": "Poonch",
        "placeNames": [
          "Poonch Fort",
          "Poonch Lake",
          "Surankote"
        ]
      },
      {
        "id": "3510",
        "cityName": "Kupwara",
        "placeNames": [
          "Kashmir Valley",
          "Kupwara Fort",
          "Rafiabad"
        ]
      }
    ]
  },
  {
    "_id": {
      "$oid": "66d6bd94306d1da1be24c8df"
    },
    "id": "36",
    "stateName": "Ladakh",
      "cities": [
        {
          "id": "3601",
          "cityName": "Leh",
          "placeNames": [
            "Pangong Lake",
            "Leh Palace",
            "Hemis Monastery",
            "Shanti Stupa",
            "Magnetic Hill"
          ]
        },
        {
          "id": "3602",
          "cityName": "Kargil",
          "placeNames": [
            "Kargil War Memorial",
            "Drass Valley",
            "Tiger Hill",
            "Bara-lacha-La Pass"
          ]
        },
        {
          "id": "3603",
          "cityName": "Nubra",
          "placeNames": [
            "Diskit Monastery",
            "Hunder Sand Dunes",
            "Turtuk",
            "Nubra Valley"
          ]
        },
        {
          "id": "3604",
          "cityName": "Zanskar",
          "placeNames": [
            "Zanskar River",
            "Padum",
            "Suru Valley",
            "Phugtal Monastery"
          ]
        },
        {
          "id": "3605",
          "cityName": "Turtuk",
          "placeNames": [
            "Turtuk Village",
            "Shey Monastery",
            "Turtuk Waterfall"
          ]
        },
        {
          "id": "3606",
          "cityName": "Diskit",
          "placeNames": [
            "Diskit Monastery",
            "Nubra Valley",
            "Hunder Sand Dunes"
          ]
        },
        {
          "id": "3607",
          "cityName": "Padum",
          "placeNames": [
            "Phugtal Monastery",
            "Zanskar River",
            "Shila Village"
          ]
        },
        {
          "id": "3608",
          "cityName": "Changthang",
          "placeNames": [
            "Tso Moriri Lake",
            "Changthang Wildlife Sanctuary",
            "Korzok Monastery"
          ]
        },
        {
          "id": "3609",
          "cityName": "Suru Valley",
          "placeNames": [
            "Suru River",
            "Kargil",
            "Nun Kun Peak"
          ]
        },
        {
          "id": "3610",
          "cityName": "Hunder",
          "placeNames": [
            "Hunder Sand Dunes",
            "Diskit Monastery",
            "Camel Safari"
          ]
        }
      ]
    
  }]